symbol,rule_variant,target_variant,target_ratio,observations,eligible_setups,entries,wins,losses,no_entry,win_rate_pct,average_return_pct,total_return_pct,profit_factor,expectancy_pct,maximum_drawdown_pct_points
BBAI,ALL_COMPLETE,FIB_38_2,0.382,22,22,17,5,12,5,29.411764705882355,-0.2580811176470588,-4.387379,0.5648854727145172,-0.2580811176470588,6.768632000000001
BBAI,ALL_COMPLETE,FIB_50_0,0.5,22,22,17,5,12,5,29.411764705882355,-0.14550223529411768,-2.4735380000000005,0.7546890027980991,-0.14550223529411768,5.652111
BBAI,ALL_COMPLETE,FIB_61_8,0.618,22,22,17,4,13,5,23.52941176470588,-0.2053508823529412,-3.490965,0.6789999299328257,-0.2053508823529412,4.824095
BBAI,ALL_COMPLETE,NON_FIB_CONTROL,0.679417,22,22,17,4,13,5,23.52941176470588,-0.21270770588235297,-3.6160310000000004,0.6674999020714689,-0.21270770588235297,4.589539
BBAI,MANIPULATION,FIB_38_2,0.382,22,22,17,5,12,5,29.411764705882355,-0.2580811176470588,-4.387379,0.5648854727145172,-0.2580811176470588,6.768632000000001
BBAI,MANIPULATION,FIB_50_0,0.5,22,22,17,5,12,5,29.411764705882355,-0.14550223529411768,-2.4735380000000005,0.7546890027980991,-0.14550223529411768,5.652111
BBAI,MANIPULATION,FIB_61_8,0.618,22,22,17,4,13,5,23.52941176470588,-0.2053508823529412,-3.490965,0.6789999299328257,-0.2053508823529412,4.824095
BBAI,MANIPULATION,NON_FIB_CONTROL,0.679417,22,22,17,4,13,5,23.52941176470588,-0.21270770588235297,-3.6160310000000004,0.6674999020714689,-0.21270770588235297,4.589539
BBAI,RED_AND_MANIPULATION,FIB_38_2,0.382,22,12,12,4,8,0,33.33333333333333,-0.138387,-1.660644,0.7420896089839771,-0.138387,4.0418970000000005
BBAI,RED_AND_MANIPULATION,FIB_50_0,0.5,22,12,12,4,8,0,33.33333333333333,-0.005096333333333351,-0.06115600000000021,0.9905020173661688,-0.005096333333333351,3.239729
BBAI,RED_AND_MANIPULATION,FIB_61_8,0.618,22,12,12,3,9,0,25.0,-0.11607791666666667,-1.392935,0.8073620717910561,-0.11607791666666667,3.092399
BBAI,RED_AND_MANIPULATION,NON_FIB_CONTROL,0.679417,22,12,12,3,9,0,25.0,-0.08690675000000003,-1.0428810000000004,0.8557732879075681,-0.08690675000000003,3.092399
BBAI,RED_CANDLE,FIB_38_2,0.382,22,12,12,4,8,0,33.33333333333333,-0.138387,-1.660644,0.7420896089839771,-0.138387,4.0418970000000005
BBAI,RED_CANDLE,FIB_50_0,0.5,22,12,12,4,8,0,33.33333333333333,-0.005096333333333351,-0.06115600000000021,0.9905020173661688,-0.005096333333333351,3.239729
BBAI,RED_CANDLE,FIB_61_8,0.618,22,12,12,3,9,0,25.0,-0.11607791666666667,-1.392935,0.8073620717910561,-0.11607791666666667,3.092399
BBAI,RED_CANDLE,NON_FIB_CONTROL,0.679417,22,12,12,3,9,0,25.0,-0.08690675000000003,-1.0428810000000004,0.8557732879075681,-0.08690675000000003,3.092399
BBAI,RED_MANIPULATION_ATR_RATIO_0_30,FIB_38_2,0.382,22,12,12,4,8,0,33.33333333333333,-0.138387,-1.660644,0.7420896089839771,-0.138387,4.0418970000000005
BBAI,RED_MANIPULATION_ATR_RATIO_0_30,FIB_50_0,0.5,22,12,12,4,8,0,33.33333333333333,-0.005096333333333351,-0.06115600000000021,0.9905020173661688,-0.005096333333333351,3.239729
BBAI,RED_MANIPULATION_ATR_RATIO_0_30,FIB_61_8,0.618,22,12,12,3,9,0,25.0,-0.11607791666666667,-1.392935,0.8073620717910561,-0.11607791666666667,3.092399
BBAI,RED_MANIPULATION_ATR_RATIO_0_30,NON_FIB_CONTROL,0.679417,22,12,12,3,9,0,25.0,-0.08690675000000003,-1.0428810000000004,0.8557732879075681,-0.08690675000000003,3.092399
BBAI,RED_MANIPULATION_MIN_5_NEW_LOWS,FIB_38_2,0.382,22,7,7,2,5,0,28.57142857142857,-0.2930675714285714,-2.051473,0.5661115895731742,-0.2930675714285714,3.148569
BBAI,RED_MANIPULATION_MIN_5_NEW_LOWS,FIB_50_0,0.5,22,7,7,2,5,0,28.57142857142857,-0.16612971428571432,-1.1629080000000003,0.7540438974372856,-0.16612971428571432,2.629772
BBAI,RED_MANIPULATION_MIN_5_NEW_LOWS,FIB_61_8,0.618,22,7,7,2,5,0,28.57142857142857,-0.039192000000000005,-0.27434400000000003,0.9419759938004852,-0.039192000000000005,2.470092
BBAI,RED_MANIPULATION_MIN_5_NEW_LOWS,NON_FIB_CONTROL,0.679417,22,7,7,2,5,0,28.57142857142857,-0.022692285714285738,-0.15884600000000015,0.9664039261337294,-0.022692285714285738,2.470092
BBAI,RED_MANIPULATION_MIN_8_RED,FIB_38_2,0.382,22,11,11,4,7,0,36.36363636363637,-0.10272872727272726,-1.130016,0.8087381074446708,-0.10272872727272726,3.5112690000000004
BBAI,RED_MANIPULATION_MIN_8_RED,FIB_50_0,0.5,22,11,11,4,7,0,36.36363636363637,0.042679272727272705,0.4694719999999998,1.079460913139049,0.042679272727272705,2.784484
BBAI,RED_MANIPULATION_MIN_8_RED,FIB_61_8,0.618,22,11,11,3,8,0,27.27272727272727,-0.07839154545454546,-0.8623070000000002,0.8713016309770265,-0.07839154545454546,2.784484
BBAI,RED_MANIPULATION_MIN_8_RED,NON_FIB_CONTROL,0.679417,22,11,11,3,8,0,27.27272727272727,-0.04656845454545457,-0.5122530000000003,0.9235468045288682,-0.04656845454545457,2.784484
LYFT,ALL_COMPLETE,FIB_38_2,0.382,14,14,7,2,5,7,28.57142857142857,-0.21664171428571427,-1.516492,0.4262421176450113,-0.21664171428571427,2.104578
LYFT,ALL_COMPLETE,FIB_50_0,0.5,14,14,7,1,6,7,14.285714285714285,-0.32098385714285715,-2.246887,0.26528789769886535,-0.32098385714285715,2.246887
LYFT,ALL_COMPLETE,FIB_61_8,0.618,14,14,7,1,6,7,14.285714285714285,-0.2902615714285714,-2.031831,0.33560930054309956,-0.2902615714285714,2.104578
LYFT,ALL_COMPLETE,NON_FIB_CONTROL,0.427121,14,14,7,2,5,7,28.57142857142857,-0.27084628571428576,-1.8959240000000002,0.2989916685369599,-0.27084628571428576,2.210675
LYFT,MANIPULATION,FIB_38_2,0.382,14,14,7,2,5,7,28.57142857142857,-0.21664171428571427,-1.516492,0.4262421176450113,-0.21664171428571427,2.104578
LYFT,MANIPULATION,FIB_50_0,0.5,14,14,7,1,6,7,14.285714285714285,-0.32098385714285715,-2.246887,0.26528789769886535,-0.32098385714285715,2.246887
LYFT,MANIPULATION,FIB_61_8,0.618,14,14,7,1,6,7,14.285714285714285,-0.2902615714285714,-2.031831,0.33560930054309956,-0.2902615714285714,2.104578
LYFT,MANIPULATION,NON_FIB_CONTROL,0.427121,14,14,7,2,5,7,28.57142857142857,-0.27084628571428576,-1.8959240000000002,0.2989916685369599,-0.27084628571428576,2.210675
LYFT,RED_AND_MANIPULATION,FIB_38_2,0.382,14,8,5,1,4,3,20.0,-0.3341852,-1.6709260000000001,0.2409284433210556,-0.3341852,1.6709260000000001
LYFT,RED_AND_MANIPULATION,FIB_50_0,0.5,14,8,5,0,5,3,0.0,-0.5232752,-2.6163760000000003,0.0,-0.5232752,2.616376
LYFT,RED_AND_MANIPULATION,FIB_61_8,0.618,14,8,5,0,5,3,0.0,-0.5232752,-2.6163760000000003,0.0,-0.5232752,2.616376
LYFT,RED_AND_MANIPULATION,NON_FIB_CONTROL,0.427121,14,8,5,1,4,3,20.0,-0.38960100000000003,-1.9480050000000002,0.1391007249566458,-0.38960100000000003,2.262756
LYFT,RED_CANDLE,FIB_38_2,0.382,14,8,5,1,4,3,20.0,-0.3341852,-1.6709260000000001,0.2409284433210556,-0.3341852,1.6709260000000001
LYFT,RED_CANDLE,FIB_50_0,0.5,14,8,5,0,5,3,0.0,-0.5232752,-2.6163760000000003,0.0,-0.5232752,2.616376
LYFT,RED_CANDLE,FIB_61_8,0.618,14,8,5,0,5,3,0.0,-0.5232752,-2.6163760000000003,0.0,-0.5232752,2.616376
LYFT,RED_CANDLE,NON_FIB_CONTROL,0.427121,14,8,5,1,4,3,20.0,-0.38960100000000003,-1.9480050000000002,0.1391007249566458,-0.38960100000000003,2.262756
LYFT,RED_MANIPULATION_ATR_RATIO_0_30,FIB_38_2,0.382,14,8,5,1,4,3,20.0,-0.3341852,-1.6709260000000001,0.2409284433210556,-0.3341852,1.6709260000000001
LYFT,RED_MANIPULATION_ATR_RATIO_0_30,FIB_50_0,0.5,14,8,5,0,5,3,0.0,-0.5232752,-2.6163760000000003,0.0,-0.5232752,2.616376
LYFT,RED_MANIPULATION_ATR_RATIO_0_30,FIB_61_8,0.618,14,8,5,0,5,3,0.0,-0.5232752,-2.6163760000000003,0.0,-0.5232752,2.616376
LYFT,RED_MANIPULATION_ATR_RATIO_0_30,NON_FIB_CONTROL,0.427121,14,8,5,1,4,3,20.0,-0.38960100000000003,-1.9480050000000002,0.1391007249566458,-0.38960100000000003,2.262756
LYFT,RED_MANIPULATION_MIN_5_NEW_LOWS,FIB_38_2,0.382,14,6,3,0,3,3,0.0,-0.6158853333333334,-1.8476560000000002,0.0,-0.6158853333333334,1.8476560000000002
LYFT,RED_MANIPULATION_MIN_5_NEW_LOWS,FIB_50_0,0.5,14,6,3,0,3,3,0.0,-0.6158853333333334,-1.8476560000000002,0.0,-0.6158853333333334,1.8476560000000002
LYFT,RED_MANIPULATION_MIN_5_NEW_LOWS,FIB_61_8,0.618,14,6,3,0,3,3,0.0,-0.6158853333333334,-1.8476560000000002,0.0,-0.6158853333333334,1.8476560000000002
LYFT,RED_MANIPULATION_MIN_5_NEW_LOWS,NON_FIB_CONTROL,0.427121,14,6,3,0,3,3,0.0,-0.6158853333333334,-1.8476560000000002,0.0,-0.6158853333333334,1.8476560000000002
LYFT,RED_MANIPULATION_MIN_8_RED,FIB_38_2,0.382,14,6,4,1,3,2,25.0,-0.28310425,-1.132417,0.3189562939365527,-0.28310425,1.662767
LYFT,RED_MANIPULATION_MIN_8_RED,FIB_50_0,0.5,14,6,4,0,4,2,0.0,-0.51946675,-2.077867,0.0,-0.51946675,2.077867
LYFT,RED_MANIPULATION_MIN_8_RED,FIB_61_8,0.618,14,6,4,0,4,2,0.0,-0.51946675,-2.077867,0.0,-0.51946675,2.077867
LYFT,RED_MANIPULATION_MIN_8_RED,NON_FIB_CONTROL,0.427121,14,6,4,1,3,2,25.0,-0.352374,-1.409496,0.18254403226451893,-0.352374,1.724247
OPEN,ALL_COMPLETE,FIB_38_2,0.382,51,51,38,11,27,13,28.947368421052634,-0.010997552631578955,-0.4179070000000003,0.9740391912812404,-0.010997552631578955,5.44315
OPEN,ALL_COMPLETE,FIB_50_0,0.5,51,51,38,7,31,13,18.421052631578945,-0.1885742894736842,-7.165823,0.6213970677043933,-0.1885742894736842,7.599025000000001
OPEN,ALL_COMPLETE,FIB_61_8,0.618,51,51,38,7,31,13,18.421052631578945,-0.1316537894736842,-5.002844,0.7356770592550943,-0.1316537894736842,7.599025
OPEN,ALL_COMPLETE,NON_FIB_CONTROL,0.704253,51,51,38,8,30,13,21.052631578947366,-0.1111718157894737,-4.224529,0.7670735770620023,-0.1111718157894737,6.808764
OPEN,MANIPULATION,FIB_38_2,0.382,51,45,33,11,22,12,33.33333333333333,0.05106963636363636,1.6852979999999997,1.1204265475790827,0.05106963636363636,5.44315
OPEN,MANIPULATION,FIB_50_0,0.5,51,45,33,7,26,12,21.21212121212121,-0.15341266666666664,-5.062618,0.6990801547972876,-0.15341266666666664,7.599025000000001
OPEN,MANIPULATION,FIB_61_8,0.618,51,45,33,7,26,12,21.21212121212121,-0.0878678484848485,-2.899639,0.8276466999833391,-0.0878678484848485,7.599025
OPEN,MANIPULATION,NON_FIB_CONTROL,0.704253,51,45,33,8,25,12,24.242424242424242,-0.06428254545454545,-2.121324,0.8676946612190889,-0.06428254545454545,6.808764
OPEN,RED_AND_MANIPULATION,FIB_38_2,0.382,51,23,21,9,12,2,42.857142857142854,0.31838114285714286,6.686004,1.8926687321134246,0.31838114285714286,3.9685569999999997
OPEN,RED_AND_MANIPULATION,FIB_50_0,0.5,51,23,21,6,15,2,28.57142857142857,0.058011095238095244,1.2182330000000001,1.1253320458220148,0.058011095238095244,6.124432
OPEN,RED_AND_MANIPULATION,FIB_61_8,0.618,51,23,21,6,15,2,28.57142857142857,0.15063885714285716,3.1634160000000002,1.3254528477443106,0.15063885714285716,6.124432
OPEN,RED_AND_MANIPULATION,NON_FIB_CONTROL,0.704253,51,23,21,7,14,2,33.33333333333333,0.21904219047619047,4.599886,1.5151173326384302,0.21904219047619047,5.334171
OPEN,RED_CANDLE,FIB_38_2,0.382,51,27,25,9,16,2,36.0,0.20105467999999999,5.026367,1.5493572246567093,0.20105467999999999,3.9685569999999997
OPEN,RED_CANDLE,FIB_50_0,0.5,51,27,25,6,19,2,24.0,-0.017656159999999994,-0.44140399999999985,0.9612112149716675,-0.017656159999999994,6.124432
OPEN,RED_CANDLE,FIB_61_8,0.618,51,27,25,6,19,2,24.0,0.06015116,1.503779,1.132145971402889,0.06015116,6.124432
OPEN,RED_CANDLE,NON_FIB_CONTROL,0.704253,51,27,25,7,18,2,28.000000000000004,0.11760996,2.940249,1.2776591163633135,0.11760996,5.334171
OPEN,RED_MANIPULATION_ATR_RATIO_0_30,FIB_38_2,0.382,51,17,15,9,6,2,60.0,0.6516971333333333,9.775457,3.221466567525336,0.6516971333333333,3.206609
OPEN,RED_MANIPULATION_ATR_RATIO_0_30,FIB_50_0,0.5,51,17,15,6,9,2,40.0,0.2871790666666667,4.307686,1.6496684835484499,0.2871790666666667,5.152286999999999
OPEN,RED_MANIPULATION_ATR_RATIO_0_30,FIB_61_8,0.618,51,17,15,6,9,2,40.0,0.4168579333333334,6.2528690000000005,1.9430334339729294,0.4168579333333334,5.152286999999999
OPEN,RED_MANIPULATION_ATR_RATIO_0_30,NON_FIB_CONTROL,0.704253,51,17,15,7,8,2,46.666666666666664,0.5126226,7.689339,2.316593240450454,0.5126226,4.362026
OPEN,RED_MANIPULATION_MIN_5_NEW_LOWS,FIB_38_2,0.382,51,11,11,6,5,0,54.54545454545454,0.6273893636363636,6.901282999999999,2.958887195602236,0.6273893636363636,2.479914
OPEN,RED_MANIPULATION_MIN_5_NEW_LOWS,FIB_50_0,0.5,51,11,11,3,8,0,27.27272727272727,0.016548000000000007,0.18202800000000008,1.031639424445726,0.016548000000000007,3.859379
OPEN,RED_MANIPULATION_MIN_5_NEW_LOWS,FIB_61_8,0.618,51,11,11,3,8,0,27.27272727272727,0.07961163636363637,0.8757280000000001,1.1522157574164789,0.07961163636363637,3.859379
OPEN,RED_MANIPULATION_MIN_5_NEW_LOWS,NON_FIB_CONTROL,0.704253,51,11,11,4,7,0,36.36363636363637,0.3084499090909091,3.3929489999999998,1.6836569284220788,0.3084499090909091,3.069118
OPEN,RED_MANIPULATION_MIN_8_RED,FIB_38_2,0.382,51,22,20,8,12,2,40.0,0.27017915,5.403582999999999,1.7214488034227402,0.27017915,3.9685569999999997
OPEN,RED_MANIPULATION_MIN_8_RED,FIB_50_0,0.5,51,22,20,5,15,2,25.0,-0.02456014999999999,-0.4912029999999998,0.949464940693684,-0.02456014999999999,6.124432
OPEN,RED_MANIPULATION_MIN_8_RED,FIB_61_8,0.618,51,22,20,5,15,2,25.0,0.05134825,1.026965,1.1056543571201942,0.05134825,6.124432
OPEN,RED_MANIPULATION_MIN_8_RED,NON_FIB_CONTROL,0.704253,51,22,20,6,14,2,30.0,0.1502016,3.004032,1.336405935060236,0.1502016,5.334171
PINS,ALL_COMPLETE,FIB_38_2,0.382,52,52,30,9,21,22,30.0,-0.040567200000000005,-1.217016,0.8808361024459219,-0.040567200000000005,3.6570410000000004
PINS,ALL_COMPLETE,FIB_50_0,0.5,52,52,30,9,21,22,30.0,0.0526796,1.580388,1.1547434000273575,0.0526796,2.7196100000000007
PINS,ALL_COMPLETE,FIB_61_8,0.618,52,52,30,5,25,22,16.666666666666664,-0.2109433,-6.328299,0.5184090624922234,-0.2109433,7.285314
PINS,ALL_COMPLETE,NON_FIB_CONTROL,0.486389,52,52,30,8,22,22,26.666666666666668,-0.06231813333333333,-1.8695439999999999,0.8276835546327054,-0.06231813333333333,5.714742
PINS,MANIPULATION,FIB_38_2,0.382,52,48,27,9,18,21,33.33333333333333,-0.012630555555555556,-0.341025,0.9634758306979311,-0.012630555555555556,2.825355
PINS,MANIPULATION,FIB_50_0,0.5,52,48,27,9,18,21,33.33333333333333,0.090977,2.456379,1.2630810130226429,0.090977,2.145238
PINS,MANIPULATION,FIB_61_8,0.618,52,48,27,5,22,21,18.51851851851852,-0.20193733333333336,-5.452308,0.5554366568898697,-0.20193733333333336,6.409323
PINS,MANIPULATION,NON_FIB_CONTROL,0.486389,52,48,27,8,19,21,29.629629629629626,-0.03679825925925925,-0.9935529999999999,0.9003806089944443,-0.03679825925925925,4.838751
PINS,RED_AND_MANIPULATION,FIB_38_2,0.382,52,23,19,6,13,4,31.57894736842105,-0.033755789473684204,-0.6413599999999999,0.9060059275356351,-0.033755789473684204,1.927306
PINS,RED_AND_MANIPULATION,FIB_50_0,0.5,52,23,19,6,13,4,31.57894736842105,0.07650142105263157,1.4535269999999998,1.2130206470109002,0.07650142105263157,1.9273060000000002
PINS,RED_AND_MANIPULATION,FIB_61_8,0.618,52,23,19,2,17,4,10.526315789473683,-0.37671978947368423,-7.157676,0.26594360513895554,-0.37671978947368423,7.88558
PINS,RED_AND_MANIPULATION,NON_FIB_CONTROL,0.486389,52,23,19,5,14,4,26.31578947368421,-0.12918884210526316,-2.454588,0.6709637126670475,-0.12918884210526316,4.100598
PINS,RED_CANDLE,FIB_38_2,0.382,52,24,20,6,14,4,30.0,-0.047321550000000004,-0.946431,0.8672324254258973,-0.047321550000000004,2.1073209999999998
PINS,RED_CANDLE,FIB_50_0,0.5,52,24,20,6,14,4,30.0,0.057422799999999996,1.148456,1.1611081184207572,0.057422799999999996,1.9273060000000002
PINS,RED_CANDLE,FIB_61_8,0.618,52,24,20,2,18,4,10.0,-0.37313735000000003,-7.462747,0.25787555673650675,-0.37313735000000003,8.190651
PINS,RED_CANDLE,NON_FIB_CONTROL,0.486389,52,24,20,5,15,4,25.0,-0.13798295,-2.759659,0.6446029247642177,-0.13798295,4.405669
PINS,RED_MANIPULATION_ATR_RATIO_0_30,FIB_38_2,0.382,52,22,18,6,12,4,33.33333333333333,-0.014802277777777777,-0.266441,0.9586816448501898,-0.014802277777777777,1.927306
PINS,RED_MANIPULATION_ATR_RATIO_0_30,FIB_50_0,0.5,52,22,18,6,12,4,33.33333333333333,0.10158033333333333,1.828446,1.2835463806255418,0.10158033333333333,1.9273060000000002
PINS,RED_MANIPULATION_ATR_RATIO_0_30,FIB_61_8,0.618,52,22,18,2,16,4,11.11111111111111,-0.37681983333333335,-6.782757,0.2765779921232381,-0.37681983333333335,7.510661
PINS,RED_MANIPULATION_ATR_RATIO_0_30,NON_FIB_CONTROL,0.486389,52,22,18,5,13,4,27.77777777777778,-0.11553716666666666,-2.079669,0.7064692339264916,-0.11553716666666666,4.100598
PINS,RED_MANIPULATION_MIN_5_NEW_LOWS,FIB_38_2,0.382,52,19,15,6,9,4,40.0,0.09027493333333333,1.354124,1.2804774307803044,0.09027493333333333,1.4839980000000002
PINS,RED_MANIPULATION_MIN_5_NEW_LOWS,FIB_50_0,0.5,52,19,15,6,9,4,40.0,0.22993406666666666,3.449011,1.714387858137813,0.22993406666666666,1.4839980000000002
PINS,RED_MANIPULATION_MIN_5_NEW_LOWS,FIB_61_8,0.618,52,19,15,2,13,4,13.333333333333334,-0.3441461333333333,-5.162192,0.3343718396893816,-0.3441461333333333,5.890095999999999
PINS,RED_MANIPULATION_MIN_5_NEW_LOWS,NON_FIB_CONTROL,0.486389,52,19,15,5,10,4,33.33333333333333,-0.03060693333333333,-0.45910399999999996,0.9159834471813891,-0.03060693333333333,2.575276
PINS,RED_MANIPULATION_MIN_8_RED,FIB_38_2,0.382,52,22,18,6,12,4,33.33333333333333,0.010596277777777777,0.19073299999999999,1.0318349090583772,0.010596277777777777,1.9273060000000002
PINS,RED_MANIPULATION_MIN_8_RED,FIB_50_0,0.5,52,22,18,6,12,4,33.33333333333333,0.12697888888888886,2.2856199999999998,1.3814888081349739,0.12697888888888886,1.9273060000000002
PINS,RED_MANIPULATION_MIN_8_RED,FIB_61_8,0.618,52,22,18,2,16,4,11.11111111111111,-0.35142127777777776,-6.325583,0.29075532921616903,-0.35142127777777776,7.053487
PINS,RED_MANIPULATION_MIN_8_RED,NON_FIB_CONTROL,0.486389,52,22,18,5,13,4,27.77777777777778,-0.09013861111111111,-1.622495,0.7551999611336306,-0.09013861111111111,3.4119659999999996
PLTR,ALL_COMPLETE,FIB_38_2,0.382,104,104,66,16,50,38,24.242424242424242,-0.2588307878787879,-17.082832,0.39017410641582567,-0.2588307878787879,17.741687999999996
PLTR,ALL_COMPLETE,FIB_50_0,0.5,104,104,66,13,53,38,19.696969696969695,-0.26850730303030307,-17.721482,0.3994586769269766,-0.26850730303030307,18.221294999999994
PLTR,ALL_COMPLETE,FIB_61_8,0.618,104,104,66,11,55,38,16.666666666666664,-0.26153486363636363,-17.261301,0.4302683718907944,-0.26153486363636363,19.016108000000003
PLTR,ALL_COMPLETE,NON_FIB_CONTROL,0.463769,104,104,66,13,53,38,19.696969696969695,-0.26051812121212126,-17.194196,0.4133068768255685,-0.26051812121212126,18.366403
PLTR,MANIPULATION,FIB_38_2,0.382,104,96,60,13,47,36,21.666666666666668,-0.2862602833333333,-17.175617,0.36601751530094523,-0.2862602833333333,17.425804
PLTR,MANIPULATION,FIB_50_0,0.5,104,96,60,11,49,36,18.333333333333332,-0.28833353333333334,-17.300012,0.38726120470030534,-0.28833353333333334,17.799825
PLTR,MANIPULATION,FIB_61_8,0.618,104,96,60,10,50,36,16.666666666666664,-0.2706646166666667,-16.239877,0.4345776097374272,-0.2706646166666667,18.348943
PLTR,MANIPULATION,NON_FIB_CONTROL,0.463769,104,96,60,12,48,36,20.0,-0.2640906833333333,-15.845441,0.42860994603552344,-0.2640906833333333,17.371907
PLTR,RED_AND_MANIPULATION,FIB_38_2,0.382,104,44,38,7,31,6,18.421052631578945,-0.3500125789473684,-13.300478,0.3012061536411709,-0.3500125789473684,13.300478
PLTR,RED_AND_MANIPULATION,FIB_50_0,0.5,104,44,38,5,33,6,13.157894736842104,-0.3921645789473684,-14.902254,0.2613783806529835,-0.3921645789473684,14.902254
PLTR,RED_AND_MANIPULATION,FIB_61_8,0.618,104,44,38,5,33,6,13.157894736842104,-0.3599178947368421,-13.67688,0.3221133357937113,-0.3599178947368421,13.98958
PLTR,RED_AND_MANIPULATION,NON_FIB_CONTROL,0.463769,104,44,38,6,32,6,15.789473684210526,-0.34794802631578947,-13.222025,0.32791838132635276,-0.34794802631578947,13.57486
PLTR,RED_CANDLE,FIB_38_2,0.382,104,48,40,8,32,8,20.0,-0.332863775,-13.314551,0.3118495492682205,-0.332863775,13.314551
PLTR,RED_CANDLE,FIB_50_0,0.5,104,48,40,6,34,8,15.0,-0.369813675,-14.792547,0.27808120963971916,-0.369813675,14.792546999999999
PLTR,RED_CANDLE,FIB_61_8,0.618,104,48,40,5,35,8,12.5,-0.357300525,-14.292021,0.31258295996090213,-0.357300525,14.604721
PLTR,RED_CANDLE,NON_FIB_CONTROL,0.463769,104,48,40,6,34,8,15.0,-0.34592915,-13.837166,0.3179759413071046,-0.34592915,14.190000999999999
PLTR,RED_MANIPULATION_ATR_RATIO_0_30,FIB_38_2,0.382,104,40,34,7,27,6,20.588235294117645,-0.3477096176470588,-11.822127,0.32657130155929365,-0.3477096176470588,11.822127
PLTR,RED_MANIPULATION_ATR_RATIO_0_30,FIB_50_0,0.5,104,40,34,5,29,6,14.705882352941178,-0.3948206764705882,-13.423903,0.282044824280752,-0.3948206764705882,13.423903
PLTR,RED_MANIPULATION_ATR_RATIO_0_30,FIB_61_8,0.618,104,40,34,5,29,6,14.705882352941178,-0.35878026470588237,-12.198529,0.34758191922935217,-0.35878026470588237,12.511229
PLTR,RED_MANIPULATION_ATR_RATIO_0_30,NON_FIB_CONTROL,0.463769,104,40,34,6,28,6,17.647058823529413,-0.34540217647058824,-11.743674,0.35456203862050956,-0.34540217647058824,12.096509
PLTR,RED_MANIPULATION_MIN_5_NEW_LOWS,FIB_38_2,0.382,104,27,23,5,18,4,21.73913043478261,-0.3629254347826087,-8.347285,0.34726498744777207,-0.3629254347826087,8.347284999999996
PLTR,RED_MANIPULATION_MIN_5_NEW_LOWS,FIB_50_0,0.5,104,27,23,3,20,4,13.043478260869565,-0.45260634782608694,-10.409946,0.2527201021704179,-0.45260634782608694,10.409946000000003
PLTR,RED_MANIPULATION_MIN_5_NEW_LOWS,FIB_61_8,0.618,104,27,23,3,20,4,13.043478260869565,-0.4193677391304348,-9.645458,0.3075990145616965,-0.4193677391304348,9.645458000000003
PLTR,RED_MANIPULATION_MIN_5_NEW_LOWS,NON_FIB_CONTROL,0.463769,104,27,23,4,19,4,17.391304347826086,-0.3712098695652174,-8.537827,0.3641740962048363,-0.3712098695652174,8.604970999999999
PLTR,RED_MANIPULATION_MIN_8_RED,FIB_38_2,0.382,104,35,32,5,27,3,15.625,-0.40753965625,-13.041269,0.24201866359039884,-0.40753965625,13.041269
PLTR,RED_MANIPULATION_MIN_8_RED,FIB_50_0,0.5,104,35,32,3,29,3,9.375,-0.47467065625,-15.189461,0.17212578880435625,-0.47467065625,15.189460999999998
PLTR,RED_MANIPULATION_MIN_8_RED,FIB_61_8,0.618,104,35,32,3,29,3,9.375,-0.45345321875,-14.510503,0.20913117159476416,-0.45345321875,14.609146999999998
PLTR,RED_MANIPULATION_MIN_8_RED,NON_FIB_CONTROL,0.463769,104,35,32,4,28,3,12.5,-0.42740459375,-13.676947,0.23357099803934184,-0.42740459375,13.676946999999998
RGTI,ALL_COMPLETE,FIB_38_2,0.382,106,106,78,19,59,28,24.358974358974358,-0.23781074358974358,-18.549238,0.5725217294633077,-0.23781074358974358,22.647374
RGTI,ALL_COMPLETE,FIB_50_0,0.5,106,106,78,17,61,28,21.794871794871796,-0.21592224358974357,-16.841935,0.6244217478621205,-0.21592224358974357,21.707465999999997
RGTI,ALL_COMPLETE,FIB_61_8,0.618,106,106,78,16,62,28,20.51282051282051,-0.15890291025641026,-12.394427,0.7258782497259098,-0.15890291025641026,19.433934999999998
RGTI,ALL_COMPLETE,NON_FIB_CONTROL,0.580036,106,106,78,17,61,28,21.794871794871796,-0.21293846153846155,-16.6092,0.6289917115079291,-0.21293846153846155,20.68186
RGTI,MANIPULATION,FIB_38_2,0.382,106,82,59,15,44,23,25.423728813559322,-0.2356030338983051,-13.900579,0.61841522254511,-0.2356030338983051,17.674851
RGTI,MANIPULATION,FIB_50_0,0.5,106,82,59,14,45,23,23.728813559322035,-0.19957976271186442,-11.775206,0.6854213779723852,-0.19957976271186442,16.155732
RGTI,MANIPULATION,FIB_61_8,0.618,106,82,59,14,45,23,23.728813559322035,-0.11521810169491525,-6.797868,0.8183926507811737,-0.11521810169491525,13.853399000000001
RGTI,MANIPULATION,NON_FIB_CONTROL,0.580036,106,82,59,14,45,23,23.728813559322035,-0.20947676271186438,-12.359129,0.6698216769811474,-0.20947676271186438,15.414303999999998
RGTI,RED_AND_MANIPULATION,FIB_38_2,0.382,106,39,36,11,25,3,30.555555555555557,-0.2214627222222222,-7.972658,0.6524211044240588,-0.2214627222222222,12.371846
RGTI,RED_AND_MANIPULATION,FIB_50_0,0.5,106,39,36,10,26,3,27.77777777777778,-0.1743851111111111,-6.277863999999999,0.7377757867575574,-0.1743851111111111,12.159462000000001
RGTI,RED_AND_MANIPULATION,FIB_61_8,0.618,106,39,36,10,26,3,27.77777777777778,-0.08715794444444443,-3.1376859999999995,0.8689399383688742,-0.08715794444444443,10.512102
RGTI,RED_AND_MANIPULATION,NON_FIB_CONTROL,0.580036,106,39,36,10,26,3,27.77777777777778,-0.17018952777777777,-6.126823,0.7440847172142145,-0.17018952777777777,12.109179999999999
RGTI,RED_CANDLE,FIB_38_2,0.382,106,50,46,13,33,4,28.26086956521739,-0.22796341304347825,-10.486317,0.6048951803831075,-0.22796341304347825,14.519417000000002
RGTI,RED_CANDLE,FIB_50_0,0.5,106,50,46,11,35,4,23.91304347826087,-0.2097823695652174,-9.649989,0.6552471901899458,-0.2097823695652174,15.165499
RGTI,RED_CANDLE,FIB_61_8,0.618,106,50,46,11,35,4,23.91304347826087,-0.13752595652173913,-6.326194,0.7739921613482144,-0.13752595652173913,13.324113999999998
RGTI,RED_CANDLE,NON_FIB_CONTROL,0.580036,106,50,46,12,34,4,26.08695652173913,-0.17889621739130437,-8.229226,0.7012304834418378,-0.17889621739130437,13.845495
RGTI,RED_MANIPULATION_ATR_RATIO_0_30,FIB_38_2,0.382,106,31,30,8,22,1,26.666666666666668,-0.3084342,-9.253026,0.5646813973589083,-0.3084342,12.890873000000003
RGTI,RED_MANIPULATION_ATR_RATIO_0_30,FIB_50_0,0.5,106,31,30,7,23,1,23.333333333333332,-0.28553039999999996,-8.565911999999999,0.615168915895529,-0.28553039999999996,13.420116
RGTI,RED_MANIPULATION_ATR_RATIO_0_30,FIB_61_8,0.618,106,31,30,7,23,1,23.333333333333332,-0.2144472,-6.433416,0.7109731627204378,-0.2144472,12.503976
RGTI,RED_MANIPULATION_ATR_RATIO_0_30,NON_FIB_CONTROL,0.580036,106,31,30,7,23,1,23.333333333333332,-0.27536883333333334,-8.261065,0.6288644338387435,-0.27536883333333334,13.683885000000002
RGTI,RED_MANIPULATION_MIN_5_NEW_LOWS,FIB_38_2,0.382,106,24,22,2,20,2,9.090909090909092,-0.7082847727272727,-15.582265,0.17972921206650344,-0.7082847727272727,16.343606
RGTI,RED_MANIPULATION_MIN_5_NEW_LOWS,FIB_50_0,0.5,106,24,22,2,20,2,9.090909090909092,-0.6575391363636364,-14.465861,0.23849817721580024,-0.6575391363636364,15.493255
RGTI,RED_MANIPULATION_MIN_5_NEW_LOWS,FIB_61_8,0.618,106,24,22,2,20,2,9.090909090909092,-0.6642553636363636,-14.613618,0.23072005569029097,-0.6642553636363636,15.907065999999999
RGTI,RED_MANIPULATION_MIN_5_NEW_LOWS,NON_FIB_CONTROL,0.580036,106,24,22,2,20,2,9.090909090909092,-0.7575489999999999,-16.666078,0.12267587973756623,-0.7575489999999999,17.225615
RGTI,RED_MANIPULATION_MIN_8_RED,FIB_38_2,0.382,106,34,31,7,24,3,22.58064516129032,-0.39369790322580644,-12.204635,0.454791992345685,-0.39369790322580644,15.698837000000001
RGTI,RED_MANIPULATION_MIN_8_RED,FIB_50_0,0.5,106,34,31,7,24,3,22.58064516129032,-0.28528087096774196,-8.843707,0.6049320709920026,-0.28528087096774196,13.509893000000002
RGTI,RED_MANIPULATION_MIN_8_RED,FIB_61_8,0.618,106,34,31,7,24,3,22.58064516129032,-0.21764322580645162,-6.74694,0.6985992850123577,-0.21764322580645162,12.595519
RGTI,RED_MANIPULATION_MIN_8_RED,NON_FIB_CONTROL,0.580036,106,34,31,7,24,3,22.58064516129032,-0.33296406451612903,-10.321886,0.5388985495023024,-0.33296406451612903,14.547733000000003
RIVN,ALL_COMPLETE,FIB_38_2,0.382,101,101,65,23,42,36,35.38461538461539,-0.06985087692307693,-4.540307,0.8026676315306241,-0.06985087692307693,5.481418000000001
RIVN,ALL_COMPLETE,FIB_50_0,0.5,101,101,65,18,47,36,27.692307692307693,-0.11556206153846153,-7.511533999999999,0.7101884829273953,-0.11556206153846153,8.845509000000002
RIVN,ALL_COMPLETE,FIB_61_8,0.618,101,101,65,15,50,36,23.076923076923077,-0.1696747846153846,-11.028861,0.5988740909586375,-0.1696747846153846,11.652084999999998
RIVN,ALL_COMPLETE,NON_FIB_CONTROL,0.329718,101,101,65,16,49,36,24.615384615384617,-0.17837538461538463,-11.5944,0.5671084890105952,-0.17837538461538463,11.5944
RIVN,MANIPULATION,FIB_38_2,0.382,101,87,55,19,36,32,34.54545454545455,-0.07608476363636364,-4.184662,0.7998736400052434,-0.07608476363636364,5.295700999999999
RIVN,MANIPULATION,FIB_50_0,0.5,101,87,55,15,40,32,27.27272727272727,-0.12013265454545455,-6.607296,0.717465977919461,-0.12013265454545455,7.999954000000001
RIVN,MANIPULATION,FIB_61_8,0.618,101,87,55,13,42,32,23.636363636363637,-0.16949154545454545,-9.322035,0.6205160343789525,-0.16949154545454545,9.732273999999999
RIVN,MANIPULATION,NON_FIB_CONTROL,0.329718,101,87,55,13,42,32,23.636363636363637,-0.19611014545454547,-10.786058,0.5552282440834562,-0.19611014545454547,10.786058
RIVN,RED_AND_MANIPULATION,FIB_38_2,0.382,101,40,33,12,21,7,36.36363636363637,-0.055320242424242425,-1.825568,0.8645758038652951,-0.055320242424242425,3.6468300000000005
RIVN,RED_AND_MANIPULATION,FIB_50_0,0.5,101,40,33,10,23,7,30.303030303030305,-0.10054136363636364,-3.317865,0.7790714336796465,-0.10054136363636364,6.2598009999999995
RIVN,RED_AND_MANIPULATION,FIB_61_8,0.618,101,40,33,9,24,7,27.27272727272727,-0.1499390606060606,-4.947989,0.6815482478968333,-0.1499390606060606,6.538983
RIVN,RED_AND_MANIPULATION,NON_FIB_CONTROL,0.329718,101,40,33,8,25,7,24.242424242424242,-0.2527827878787879,-8.341832,0.4846784185251647,-0.2527827878787879,8.647190000000002
RIVN,RED_CANDLE,FIB_38_2,0.382,101,50,40,15,25,10,37.5,-0.044483625000000006,-1.7793450000000002,0.8801473921451478,-0.044483625000000006,3.6089840000000004
RIVN,RED_CANDLE,FIB_50_0,0.5,101,50,40,12,28,10,30.0,-0.0988317,-3.9532679999999996,0.7649393845753728,-0.0988317,6.742458
RIVN,RED_CANDLE,FIB_61_8,0.618,101,50,40,10,30,10,25.0,-0.162975325,-6.519013,0.6324166378532408,-0.162975325,7.78078
RIVN,RED_CANDLE,NON_FIB_CONTROL,0.329718,101,50,40,10,30,10,25.0,-0.226990225,-9.079609,0.495237544602937,-0.226990225,9.384967000000001
RIVN,RED_MANIPULATION_ATR_RATIO_0_30,FIB_38_2,0.382,101,37,31,11,20,6,35.483870967741936,-0.062195774193548395,-1.9280690000000003,0.8522854710951858,-0.062195774193548395,3.8276640000000004
RIVN,RED_MANIPULATION_ATR_RATIO_0_30,FIB_50_0,0.5,101,37,31,9,22,6,29.03225806451613,-0.10703516129032258,-3.3180899999999998,0.7725796634983125,-0.10703516129032258,5.832103
RIVN,RED_MANIPULATION_ATR_RATIO_0_30,FIB_61_8,0.618,101,37,31,8,23,6,25.806451612903224,-0.15961980645161292,-4.948214,0.672519347028642,-0.15961980645161292,6.1112850000000005
RIVN,RED_MANIPULATION_ATR_RATIO_0_30,NON_FIB_CONTROL,0.329718,101,37,31,7,24,6,22.58064516129032,-0.26909861290322584,-8.342057,0.4706791770468973,-0.26909861290322584,8.647415
RIVN,RED_MANIPULATION_MIN_5_NEW_LOWS,FIB_38_2,0.382,101,25,23,9,14,2,39.130434782608695,0.02841673913043477,0.6535849999999997,1.0735406802038931,0.02841673913043477,2.7131619999999996
RIVN,RED_MANIPULATION_MIN_5_NEW_LOWS,FIB_50_0,0.5,101,25,23,7,16,2,30.434782608695656,-0.055972478260869554,-1.2873669999999997,0.876509710840757,-0.055972478260869554,4.51416
RIVN,RED_MANIPULATION_MIN_5_NEW_LOWS,FIB_61_8,0.618,101,25,23,7,16,2,30.434782608695656,-0.07347847826086956,-1.690005,0.8378867827662457,-0.07347847826086956,4.51416
RIVN,RED_MANIPULATION_MIN_5_NEW_LOWS,NON_FIB_CONTROL,0.329718,101,25,23,6,17,2,26.08695652173913,-0.1893273913043478,-4.35453,0.6068083049965476,-0.1893273913043478,5.179711
RIVN,RED_MANIPULATION_MIN_8_RED,FIB_38_2,0.382,101,36,30,12,18,6,40.0,0.01449636666666666,0.4348909999999998,1.0387606530498599,0.01449636666666666,3.6468300000000005
RIVN,RED_MANIPULATION_MIN_8_RED,FIB_50_0,0.5,101,36,30,10,20,6,33.33333333333333,-0.035246866666666654,-1.0574059999999996,0.9171140359066481,-0.035246866666666654,4.205952
RIVN,RED_MANIPULATION_MIN_8_RED,FIB_61_8,0.618,101,36,30,9,21,6,30.0,-0.08958433333333334,-2.68753,0.7975828003261536,-0.08958433333333334,4.776666
RIVN,RED_MANIPULATION_MIN_8_RED,NON_FIB_CONTROL,0.329718,101,36,30,8,22,6,26.666666666666668,-0.20271243333333333,-6.081373,0.5633445141204259,-0.20271243333333333,6.386731000000002
SNAP,ALL_COMPLETE,FIB_38_2,0.382,43,43,30,8,22,13,26.666666666666668,-0.1661255,-4.983765,0.5849112972583365,-0.1661255,6.349012999999999
SNAP,ALL_COMPLETE,FIB_50_0,0.5,43,43,30,7,23,13,23.333333333333332,-0.16252113333333332,-4.875634,0.6167348514791089,-0.16252113333333332,5.746035999999999
SNAP,ALL_COMPLETE,FIB_61_8,0.618,43,43,30,6,24,13,20.0,-0.1675845333333333,-5.027536,0.6188931234636443,-0.1675845333333333,5.487985
SNAP,ALL_COMPLETE,NON_FIB_CONTROL,0.601288,43,43,30,7,23,13,23.333333333333332,-0.11499329999999999,-3.4497989999999996,0.7235102142880614,-0.11499329999999999,5.998327
SNAP,MANIPULATION,FIB_38_2,0.382,43,42,29,8,21,13,27.586206896551722,-0.1596830344827586,-4.630808,0.6026268049329865,-0.1596830344827586,6.349012999999999
SNAP,MANIPULATION,FIB_50_0,0.5,43,42,29,7,22,13,24.137931034482758,-0.1559543793103448,-4.522677,0.6343346821253698,-0.1559543793103448,5.610386
SNAP,MANIPULATION,FIB_61_8,0.618,43,42,29,6,23,13,20.689655172413794,-0.1611923793103448,-4.674579,0.6359071499087738,-0.1611923793103448,5.487985
SNAP,MANIPULATION,NON_FIB_CONTROL,0.601288,43,42,29,7,22,13,24.137931034482758,-0.10678765517241379,-3.0968419999999997,0.7445729288092475,-0.10678765517241379,5.998327
SNAP,RED_AND_MANIPULATION,FIB_38_2,0.382,43,18,16,4,12,2,25.0,-0.1931633125,-3.090613,0.5720675340111141,-0.1931633125,4.95204
SNAP,RED_AND_MANIPULATION,FIB_50_0,0.5,43,18,16,3,13,2,18.75,-0.24994125,-3.99906,0.49614967871991933,-0.24994125,4.7307109999999994
SNAP,RED_AND_MANIPULATION,FIB_61_8,0.618,43,18,16,3,13,2,18.75,-0.19143431249999998,-3.0629489999999997,0.614092352274159,-0.19143431249999998,4.509381
SNAP,RED_AND_MANIPULATION,NON_FIB_CONTROL,0.601288,43,18,16,4,12,2,25.0,-0.059698937499999986,-0.9551829999999998,0.8677434487395665,-0.059698937499999986,4.4661360000000005
SNAP,RED_CANDLE,FIB_38_2,0.382,43,18,16,4,12,2,25.0,-0.1931633125,-3.090613,0.5720675340111141,-0.1931633125,4.95204
SNAP,RED_CANDLE,FIB_50_0,0.5,43,18,16,3,13,2,18.75,-0.24994125,-3.99906,0.49614967871991933,-0.24994125,4.7307109999999994
SNAP,RED_CANDLE,FIB_61_8,0.618,43,18,16,3,13,2,18.75,-0.19143431249999998,-3.0629489999999997,0.614092352274159,-0.19143431249999998,4.509381
SNAP,RED_CANDLE,NON_FIB_CONTROL,0.601288,43,18,16,4,12,2,25.0,-0.059698937499999986,-0.9551829999999998,0.8677434487395665,-0.059698937499999986,4.4661360000000005
SNAP,RED_MANIPULATION_ATR_RATIO_0_30,FIB_38_2,0.382,43,16,14,4,10,2,28.57142857142857,-0.16678042857142855,-2.334926,0.6389202771015159,-0.16678042857142855,4.196353
SNAP,RED_MANIPULATION_ATR_RATIO_0_30,FIB_50_0,0.5,43,16,14,3,11,2,21.428571428571427,-0.2316695,-3.243373,0.5483593320608641,-0.2316695,3.9750240000000003
SNAP,RED_MANIPULATION_ATR_RATIO_0_30,FIB_61_8,0.618,43,16,14,3,11,2,21.428571428571427,-0.16480442857142855,-2.3072619999999997,0.6787130709941205,-0.16480442857142855,3.7536940000000003
SNAP,RED_MANIPULATION_ATR_RATIO_0_30,NON_FIB_CONTROL,0.601288,43,16,14,4,10,2,28.57142857142857,-0.014249714285714268,-0.19949599999999976,0.9691493604510996,-0.014249714285714268,3.7104490000000006
SNAP,RED_MANIPULATION_MIN_5_NEW_LOWS,FIB_38_2,0.382,43,13,11,4,7,2,36.36363636363637,-0.04658954545454544,-0.5124849999999999,0.8896474428680016,-0.04658954545454544,2.373912
SNAP,RED_MANIPULATION_MIN_5_NEW_LOWS,FIB_50_0,0.5,43,13,11,3,8,2,27.27272727272727,-0.12917563636363638,-1.420932,0.7348449449809586,-0.12917563636363638,2.368402
SNAP,RED_MANIPULATION_MIN_5_NEW_LOWS,FIB_61_8,0.618,43,13,11,3,8,2,27.27272727272727,-0.04407463636363634,-0.4848209999999997,0.909529281535368,-0.04407463636363634,2.368402
SNAP,RED_MANIPULATION_MIN_5_NEW_LOWS,NON_FIB_CONTROL,0.601288,43,13,11,4,7,2,36.36363636363637,0.14754045454545459,1.6229450000000003,1.3494660933190068,0.14754045454545459,2.2803269999999998
SNAP,RED_MANIPULATION_MIN_8_RED,FIB_38_2,0.382,43,18,16,4,12,2,25.0,-0.1931633125,-3.090613,0.5720675340111141,-0.1931633125,4.95204
SNAP,RED_MANIPULATION_MIN_8_RED,FIB_50_0,0.5,43,18,16,3,13,2,18.75,-0.24994125,-3.99906,0.49614967871991933,-0.24994125,4.7307109999999994
SNAP,RED_MANIPULATION_MIN_8_RED,FIB_61_8,0.618,43,18,16,3,13,2,18.75,-0.19143431249999998,-3.0629489999999997,0.614092352274159,-0.19143431249999998,4.509381
SNAP,RED_MANIPULATION_MIN_8_RED,NON_FIB_CONTROL,0.601288,43,18,16,4,12,2,25.0,-0.059698937499999986,-0.9551829999999998,0.8677434487395665,-0.059698937499999986,4.4661360000000005
SOFI,ALL_COMPLETE,FIB_38_2,0.382,106,106,73,18,55,33,24.65753424657534,-0.21149346575342468,-15.439023,0.47665237132155536,-0.21149346575342468,16.52633
SOFI,ALL_COMPLETE,FIB_50_0,0.5,106,106,73,16,57,33,21.91780821917808,-0.1916995890410959,-13.99407,0.5433023357680956,-0.1916995890410959,13.994069999999999
SOFI,ALL_COMPLETE,FIB_61_8,0.618,106,106,73,15,58,33,20.54794520547945,-0.1728077534246575,-12.614965999999999,0.5985586641982069,-0.1728077534246575,12.614966
SOFI,ALL_COMPLETE,NON_FIB_CONTROL,0.695489,106,106,73,17,56,33,23.28767123287671,-0.17254304109589041,-12.595642,0.5843075672826368,-0.17254304109589041,13.376565
SOFI,MANIPULATION,FIB_38_2,0.382,106,100,70,17,53,30,24.285714285714285,-0.2169860142857143,-15.189021,0.47474549104433483,-0.2169860142857143,16.276328
SOFI,MANIPULATION,FIB_50_0,0.5,106,100,70,15,55,30,21.428571428571427,-0.1982546285714286,-13.877824,0.5383108850594104,-0.1982546285714286,13.877823999999999
SOFI,MANIPULATION,FIB_61_8,0.618,106,100,70,14,56,30,20.0,-0.18046395714285715,-12.632477,0.5904014967549331,-0.18046395714285715,12.632477
SOFI,MANIPULATION,NON_FIB_CONTROL,0.695489,106,100,70,16,54,30,22.857142857142858,-0.18168349999999997,-12.717844999999999,0.572039388739081,-0.18168349999999997,13.498767999999998
SOFI,RED_AND_MANIPULATION,FIB_38_2,0.382,106,51,40,11,29,11,27.500000000000004,-0.17733084999999998,-7.093234,0.5656068488918379,-0.17733084999999998,7.093234000000002
SOFI,RED_AND_MANIPULATION,FIB_50_0,0.5,106,51,40,11,29,11,27.500000000000004,-0.098726125,-3.949045,0.7581585351028978,-0.098726125,6.524129000000001
SOFI,RED_AND_MANIPULATION,FIB_61_8,0.618,106,51,40,10,30,11,25.0,-0.09237695,-3.695078,0.7840572638827065,-0.09237695,6.313626000000001
SOFI,RED_AND_MANIPULATION,NON_FIB_CONTROL,0.695489,106,51,40,11,29,11,27.500000000000004,-0.095650925,-3.826037,0.7706372613610492,-0.095650925,6.175662000000002
SOFI,RED_CANDLE,FIB_38_2,0.382,106,55,42,11,31,13,26.190476190476193,-0.18276895238095237,-7.676296,0.5461070035720521,-0.18276895238095237,7.676296000000001
SOFI,RED_CANDLE,FIB_50_0,0.5,106,55,42,11,31,13,26.190476190476193,-0.10790730952380952,-4.532107,0.7320202834333019,-0.10790730952380952,6.791044000000001
SOFI,RED_CANDLE,FIB_61_8,0.618,106,55,42,10,32,13,23.809523809523807,-0.1018604761904762,-4.2781400000000005,0.7582212402188914,-0.1018604761904762,6.580541000000001
SOFI,RED_CANDLE,NON_FIB_CONTROL,0.695489,106,55,42,11,31,13,26.190476190476193,-0.10497854761904761,-4.409098999999999,0.7446106468498093,-0.10497854761904761,6.442577000000002
SOFI,RED_MANIPULATION_ATR_RATIO_0_30,FIB_38_2,0.382,106,47,36,11,25,11,30.555555555555557,-0.1554651111111111,-5.596744,0.6226721253727016,-0.1554651111111111,5.985150000000001
SOFI,RED_MANIPULATION_ATR_RATIO_0_30,FIB_50_0,0.5,106,47,36,11,25,11,30.555555555555557,-0.06812652777777778,-2.4525550000000003,0.8346507602354952,-0.06812652777777778,5.774646000000001
SOFI,RED_MANIPULATION_ATR_RATIO_0_30,FIB_61_8,0.618,106,47,36,10,26,11,27.77777777777778,-0.06107188888888889,-2.198588,0.8591992552748855,-0.06107188888888889,5.5641430000000005
SOFI,RED_MANIPULATION_ATR_RATIO_0_30,NON_FIB_CONTROL,0.695489,106,47,36,11,25,11,30.555555555555557,-0.06470963888888888,-2.329547,0.8465856226594819,-0.06470963888888888,5.426179
SOFI,RED_MANIPULATION_MIN_5_NEW_LOWS,FIB_38_2,0.382,106,34,27,8,19,7,29.629629629629626,-0.1510882962962963,-4.079384,0.6464744190818941,-0.1510882962962963,4.2599789999999995
SOFI,RED_MANIPULATION_MIN_5_NEW_LOWS,FIB_50_0,0.5,106,34,27,8,19,7,29.629629629629626,-0.05838692592592593,-1.5764470000000002,0.8633827211506429,-0.05838692592592593,4.256798
SOFI,RED_MANIPULATION_MIN_5_NEW_LOWS,FIB_61_8,0.618,106,34,27,7,20,7,25.925925925925924,-0.07273074074074075,-1.9637300000000002,0.8406252439848453,-0.07273074074074075,4.256798
SOFI,RED_MANIPULATION_MIN_5_NEW_LOWS,NON_FIB_CONTROL,0.695489,106,34,27,7,20,7,25.925925925925924,-0.12416203703703703,-3.352375,0.7279239265600137,-0.12416203703703703,4.256798
SOFI,RED_MANIPULATION_MIN_8_RED,FIB_38_2,0.382,106,42,35,9,26,7,25.71428571428571,-0.2061854,-7.216489,0.5035289640192276,-0.2061854,7.216489
SOFI,RED_MANIPULATION_MIN_8_RED,FIB_50_0,0.5,106,42,35,9,26,7,25.71428571428571,-0.1350324,-4.726134,0.6748573103674167,-0.1350324,5.408607
SOFI,RED_MANIPULATION_MIN_8_RED,FIB_61_8,0.618,106,42,35,8,27,7,22.857142857142858,-0.14645719999999998,-5.126002,0.6653583266042703,-0.14645719999999998,5.445934
SOFI,RED_MANIPULATION_MIN_8_RED,NON_FIB_CONTROL,0.695489,106,42,35,8,27,7,22.857142857142858,-0.14452042857142855,-5.058215,0.669783677026388,-0.14452042857142855,5.832508
SOUN,ALL_COMPLETE,FIB_38_2,0.382,65,65,48,17,31,17,35.41666666666667,-0.08242445833333333,-3.9563739999999994,0.8097424307030917,-0.08242445833333333,8.207538999999997
SOUN,ALL_COMPLETE,FIB_50_0,0.5,65,65,48,16,32,17,33.33333333333333,-0.009752749999999992,-0.46813199999999966,0.9782399786402874,-0.009752749999999992,9.284169
SOUN,ALL_COMPLETE,FIB_61_8,0.618,65,65,48,13,35,17,27.083333333333332,-0.04814129166666666,-2.3107819999999997,0.8993151871814007,-0.04814129166666666,12.489435
SOUN,ALL_COMPLETE,NON_FIB_CONTROL,0.677678,65,65,48,15,33,17,31.25,-0.04493387499999999,-2.1568259999999997,0.9027118518838279,-0.04493387499999999,11.674288
SOUN,MANIPULATION,FIB_38_2,0.382,65,58,41,14,27,17,34.146341463414636,-0.09323026829268291,-3.8224409999999995,0.8009953457962931,-0.09323026829268291,7.180266999999999
SOUN,MANIPULATION,FIB_50_0,0.5,65,58,41,13,28,17,31.70731707317073,-0.021358219512195114,-0.8756869999999997,0.9560538490614746,-0.021358219512195114,8.460683
SOUN,MANIPULATION,FIB_61_8,0.618,65,58,41,12,29,17,29.268292682926827,-0.019456560975609747,-0.7977189999999996,0.9612427182428274,-0.019456560975609747,10.472595000000002
SOUN,MANIPULATION,NON_FIB_CONTROL,0.677678,65,58,41,12,29,17,29.268292682926827,-0.061935341463414624,-2.5393489999999996,0.8766253973231244,-0.061935341463414624,10.740459000000001
SOUN,RED_AND_MANIPULATION,FIB_38_2,0.382,65,31,25,11,14,6,44.0,0.07103988,1.775997,1.1654252301845667,0.07103988,4.41787
SOUN,RED_AND_MANIPULATION,FIB_50_0,0.5,65,31,25,10,15,6,40.0,0.1497012,3.7425300000000004,1.326729621161678,0.1497012,6.273721999999999
SOUN,RED_AND_MANIPULATION,FIB_61_8,0.618,65,31,25,9,16,6,36.0,0.11361108,2.840277,1.2345285305033236,0.11361108,7.877267999999999
SOUN,RED_AND_MANIPULATION,NON_FIB_CONTROL,0.677678,65,31,25,9,16,6,36.0,0.0914998,2.2874950000000003,1.1888839859223943,0.0914998,7.877267999999999
SOUN,RED_CANDLE,FIB_38_2,0.382,65,31,25,11,14,6,44.0,0.07103988,1.775997,1.1654252301845667,0.07103988,4.41787
SOUN,RED_CANDLE,FIB_50_0,0.5,65,31,25,10,15,6,40.0,0.1497012,3.7425300000000004,1.326729621161678,0.1497012,6.273721999999999
SOUN,RED_CANDLE,FIB_61_8,0.618,65,31,25,9,16,6,36.0,0.11361108,2.840277,1.2345285305033236,0.11361108,7.877267999999999
SOUN,RED_CANDLE,NON_FIB_CONTROL,0.677678,65,31,25,9,16,6,36.0,0.0914998,2.2874950000000003,1.1888839859223943,0.0914998,7.877267999999999
SOUN,RED_MANIPULATION_ATR_RATIO_0_30,FIB_38_2,0.382,65,26,22,10,12,4,45.45454545454545,0.0904863181818182,1.9906990000000002,1.2020144013091618,0.0904863181818182,4.41787
SOUN,RED_MANIPULATION_ATR_RATIO_0_30,FIB_50_0,0.5,65,26,22,9,13,4,40.909090909090914,0.1691054090909091,3.720319,1.3518760859222856,0.1691054090909091,6.273721999999999
SOUN,RED_MANIPULATION_ATR_RATIO_0_30,FIB_61_8,0.618,65,26,22,8,14,4,36.36363636363637,0.1173251818181818,2.5811539999999997,1.229867551290757,0.1173251818181818,7.877267999999999
SOUN,RED_MANIPULATION_ATR_RATIO_0_30,NON_FIB_CONTROL,0.677678,65,26,22,8,14,4,36.36363636363637,0.10856786363636366,2.3884930000000004,1.2127099108325634,0.10856786363636366,7.877267999999999
SOUN,RED_MANIPULATION_MIN_5_NEW_LOWS,FIB_38_2,0.382,65,18,16,7,9,2,43.75,0.094065625,1.50505,1.2013366436169506,0.094065625,4.92952
SOUN,RED_MANIPULATION_MIN_5_NEW_LOWS,FIB_50_0,0.5,65,18,16,7,9,2,43.75,0.28095025,4.495204,1.601341673521472,0.28095025,4.92952
SOUN,RED_MANIPULATION_MIN_5_NEW_LOWS,FIB_61_8,0.618,65,18,16,7,9,2,43.75,0.3197625625,5.116201,1.6844149612369606,0.3197625625,4.92952
SOUN,RED_MANIPULATION_MIN_5_NEW_LOWS,NON_FIB_CONTROL,0.677678,65,18,16,7,9,2,43.75,0.2792398125,4.467837,1.5976806789193891,0.2792398125,4.92952
SOUN,RED_MANIPULATION_MIN_8_RED,FIB_38_2,0.382,65,25,21,8,13,4,38.095238095238095,-0.011837952380952376,-0.2485969999999999,0.9746536061491949,-0.011837952380952376,3.489903
SOUN,RED_MANIPULATION_MIN_8_RED,FIB_50_0,0.5,65,25,21,7,14,4,33.33333333333333,0.033965,0.713265,1.067758667369651,0.033965,5.345755
SOUN,RED_MANIPULATION_MIN_8_RED,FIB_61_8,0.618,65,25,21,6,15,4,28.57142857142857,-0.04108461904761905,-0.8627770000000001,0.9228465792661198,-0.04108461904761905,6.949301
SOUN,RED_MANIPULATION_MIN_8_RED,NON_FIB_CONTROL,0.677678,65,25,21,6,15,4,28.57142857142857,-0.07672604761904761,-1.6112469999999999,0.8559150073574024,-0.07672604761904761,6.949301
